"service_code,service_name,category,price_range,service_price,service_description,billing_type,service_status"
"Business Website Development - 5 Pages,Business Presence Launch,Website Services,""25000-60000"",45000,""Professional 5-page business website including company profile, services, contact forms, mobile responsiveness, and search engine readiness."",One Time,Active"
"Corporate Website Development,Corporate Identity Suite,Website Services,""80000-250000"",120000,""Corporate website designed to strengthen brand credibility, showcase services, highlight leadership, and improve lead generation."",One Time,Active"
"E-Commerce Website Development,Digital Storefront Solution,Website Services,""100000-500000"",180000,""Online store with product catalog, shopping cart, payment integration, customer accounts, and order management."",One Time,Active"
"Custom ERP CRM POS Development,Enterprise Operations Platform,Web Applications,""150000-2000000"",0,""Custom business management systems covering operations, inventory, CRM, POS, HR, finance, healthcare, education, and industry-specific workflows."",Project,Active"
"Customer Portal Development,Client Self-Service Portal,Web Applications,""50000-500000"",120000,""Customer access portal for statements, requests, bookings, support tickets, account management, and document access."",Project,Active"
"Website Hosting & Domain Management,Digital Infrastructure Management,Hosting & Infrastructure,""5000-30000"",12000,""Domain registration, hosting, SSL certificates, email setup, uptime monitoring, and technical administration."",Annual Subscription,Active"
"Managed Cloud Infrastructure Service,Cloud Operations Command,Hosting & Infrastructure,""3000-50000"",5000,""Managed cloud infrastructure including server maintenance, monitoring, performance optimization, and security updates."",Monthly Subscription,Active"
"Website Maintenance & Support,Site Continuity Shield,Maintenance & Support,""3000-20000"",5000,""Website updates, backups, bug fixes, security patching, monitoring, and ongoing support."",Monthly Subscription,Active"
"Business System Maintenance & Support,Systems Assurance Retainer,Maintenance & Support,""5000-100000"",15000,""Ongoing support, upgrades, troubleshooting, monitoring, and operational continuity for critical business systems."",Monthly Subscription,Active"
"Automated Backup & Recovery Service,Data Recovery Assurance,Security & Backups,""2000-20000"",3000,""Automated backups, restoration testing, disaster recovery preparation, and business continuity protection."",Monthly Subscription,Active"
"Security Monitoring & Threat Protection,Threat Intelligence Shield,Security & Backups,""5000-50000"",8000,""Continuous monitoring, vulnerability assessment, threat detection, incident response, and security hardening."",Monthly Subscription,Active"
"M-Pesa Payment Gateway Integration,Payment Gateway Deployment,Payment Solutions,""15000-150000"",35000,""M-Pesa integration, callback configuration, transaction verification, payment testing, deployment, and support."",One Time,Active"
"Payment Monitoring & Reconciliation Service,Revenue Reconciliation Guard,Payment Solutions,""2000-20000"",5000,""Payment monitoring, transaction verification, reconciliation support, exception reporting, and revenue protection."",Monthly Subscription,Active"
"Bulk SMS Communication Integration,Mass Communication Engine,Messaging Services,""1000-100000"",0,""Bulk SMS delivery platform for reminders, notifications, alerts, marketing campaigns, and customer communications."",Usage Based,Active"
"WhatsApp Business Automation Integration,Customer Engagement Automation,Messaging Services,""20000-300000"",50000,""WhatsApp Business integration with automated messaging, notifications, customer support workflows, and engagement automation."",One Time,Active"
"Search Engine Optimization Service,Search Visibility Accelerator,Marketing Services,""10000-100000"",25000,""SEO audits, keyword optimization, technical improvements, content strategy, and search ranking enhancement."",Monthly Subscription,Active"
"Google Ads Campaign Management,Paid Lead Generation Engine,Marketing Services,""15000-150000"",30000,""Google Ads setup, campaign optimization, lead acquisition strategy, reporting, and conversion tracking."",Monthly Subscription,Active"
"AI Chatbot & Automation Development,Intelligent Automation Suite,AI & Automation,""20000-500000"",75000,""AI chatbots, workflow automation, customer support assistants, knowledge systems, and operational automation."",One Time,Active"
"AI Assistant Monitoring & Optimization,AI Performance Assurance,AI & Automation,""3000-50000"",10000,""Monitoring, prompt optimization, knowledge updates, performance reviews, and operational support for AI systems."",Monthly Subscription,Active"
"API Integration & Data Synchronization,Systems Integration Bridge,Integrations,""20000-500000"",0,""Third-party integrations, API connectivity, workflow automation, and cross-platform data synchronization."",Project,Active"
"User Training & System Onboarding,Technology Adoption Program,Training & Consulting,""5000-100000"",15000,""User onboarding, staff training, documentation, process guidance, and technology adoption support."",Per Session,Active"
"Technology Strategy & Advisory Services,Digital Transformation Advisory,Training & Consulting,""5000-200000"",25000,""Technology planning, software audits, digital transformation consulting, architecture reviews, and executive advisory."",Retainer,Active"
